INSERT INTO Artists (artist_first_name, artist_last_name, band) VALUES
                                                                    ('Jack', 'Harlow', FALSE),
                                                                    ('Freddie', 'Mercury', FALSE),
                                                                    ('Post', 'Malone', FALSE),
                                                                    ('Mac', 'Miller', FALSE),
                                                                    ('Billie', 'Eilish', FALSE),
                                                                    ('Kurt', 'Cobain', FALSE),
                                                                    ('Calvin', 'Harris', FALSE),
                                                                    ('David', 'Guetta', FALSE),
                                                                    ('Dua', 'Lipa', FALSE),
                                                                    ('Jason', 'Derulo', FALSE),
                                                                    ('Don', 'Toliver', FALSE),
                                                                    ('Metro', 'Boomin', FALSE),
                                                                    ('J.', 'Cole', FALSE),
                                                                    ('Travis', 'Scott', FALSE),
                                                                    ('', 'OneRepublic', TRUE),
                                                                    ('', 'The Beatles', TRUE),
                                                                    ('', 'Linkin Park', TRUE),
                                                                    ('', 'Coldplay', TRUE),
                                                                    ('', 'Red Hot Chili Peppers', TRUE);

INSERT INTO Genres (genre_name) VALUES
                                    ('Pop'),
                                    ('Rock'),
                                    ('Hip Hop'),
                                    ('Jazz'),
                                    ('Classical'),
                                    ('Electronic'),
                                    ('Country'),
                                    ('Reggae'),
                                    ('Blues'),
                                    ('Folk');

INSERT INTO Albums (artist_id, album_title, album_description, release_year) VALUES
                                                                                 (1, 'Come Home the Kids Miss You', 'Jack Harlow''s sophomore album showcasing his growth as an artist.', 2022),
                                                                                 (1, 'That’s What They All Say', 'Debut studio album featuring introspective lyrics and catchy beats.', 2020),
                                                                                 (1, 'Sweet Action', 'Mixtape featuring a blend of rap and pop influences.', 2019),
                                                                                 (2, 'A Night at the Opera', 'Queen’s masterpiece featuring the iconic "Bohemian Rhapsody".', 1975),
                                                                                 (2, 'News of the World', 'Album including hits like "We Will Rock You" and "We Are the Champions".', 1977),
                                                                                 (2, 'The Game', 'Diverse album featuring rock and disco elements.', 1980),
                                                                                 (3, 'Beerbongs & Bentleys', 'Post Malone’s critically acclaimed album featuring chart-topping hits.', 2018),
                                                                                 (3, 'Hollywood’s Bleeding', 'Explores themes of fame and fortune in modern society.', 2019),
                                                                                 (3, 'Stoney', 'Debut album that introduced Post Malone to the world.', 2016),
                                                                                 (4, 'Swimming', 'Posthumous album showcasing Mac Miller’s introspective side.', 2018),
                                                                                 (4, 'GO:OD AM', 'Celebrates the highs and lows of life in Mac Miller’s unique style.', 2015),
                                                                                 (4, 'The Divine Feminine', 'An album dedicated to love and women, featuring rich musical textures.', 2016),
                                                                                 (5, 'When We All Fall Asleep, Where Do We Go?', 'Billie Eilish’s debut album exploring her dark, introspective themes.', 2019),
                                                                                 (5, 'Don''t Smile at Me', 'Breakthrough EP with hits that showcase her unique sound.', 2017),
                                                                                 (5, 'Happier Than Ever', 'Explores personal growth and self-acceptance.', 2021),
                                                                                 (6, 'Nevermind', 'Landmark album featuring hits like "Smells Like Teen Spirit".', 1991),
                                                                                 (6, 'In Utero', 'An unfiltered look into the mind of Kurt Cobain.', 1993),
                                                                                 (6, 'Bleach', 'Nirvana’s gritty debut album showcasing their early sound.', 1989),
                                                                                 (7, '18 Months', 'Calvin Harris’s album blending dance-pop and electronic music.', 2012),
                                                                                 (7, 'Motion', 'Features collaborations with numerous artists, a pop masterpiece.', 2014),
                                                                                 (7, 'Funk Wav Bounces Vol. 1', 'A summer soundtrack with a laid-back vibe.', 2017),
                                                                                 (8, 'Nothing But the Beat', 'David Guetta’s album filled with club anthems.', 2011),
                                                                                 (8, 'Listen', 'Album exploring different sounds and collaborations.', 2014),
                                                                                 (8, '7', 'Features a mix of genres and star-studded collaborations.', 2018),
                                                                                 (9, 'Future Nostalgia', 'A modern pop classic with disco influences.', 2020),
                                                                                 (9, 'Dua Lipa', 'Debut album that catapulted her into stardom.', 2017),
                                                                                 (9, 'Club Future Nostalgia', 'Reimagines her songs with new collaborations.', 2020),
                                                                                 (10, 'Everything Is 4', 'Jason Derulo’s album with dance and pop influences.', 2015),
                                                                                 (10, 'Jason Derulo', 'Self-titled debut featuring catchy hooks and lyrics.', 2013),
                                                                                 (10, '2Sides', 'Explores the duality of love and relationships.', 2019),
                                                                                 (11, 'Heaven or Hell', 'Debut album showcasing his unique style.', 2020),
                                                                                 (11, 'Life of a Don', 'Explores themes of fame and personal growth.', 2021),
                                                                                 (11, 'Flocky Flocky', 'Mixtape with a diverse range of tracks.', 2021),
                                                                                 (12, 'Not All Heroes Wear Capes', 'Metro Boomin’s album with a mix of hip-hop hits.', 2018),
                                                                                 (12, 'Savage Mode II', 'Collaboration with 21 Savage, featuring dark themes.', 2020),
                                                                                 (12, 'Double or Nothing', 'Collaboration with Big Sean, showcasing their chemistry.', 2017),
                                                                                 (13, 'KOD', 'J. Cole’s introspective album discussing personal and societal issues.', 2018),
                                                                                 (13, '2014 Forest Hills Drive', 'Breakthrough album with deeply personal themes.', 2014),
                                                                                 (13, 'The Off-Season', 'Focuses on growth and introspection.', 2021),
                                                                                 (14, 'Astroworld', 'Travis Scott’s critically acclaimed album exploring fame.', 2018),
                                                                                 (14, 'Rodeo', 'Debut album that introduced his unique sound.', 2015),
                                                                                 (14, 'Birds in the Trap Sing McKnight', 'Explores the complexities of modern life.', 2016),
                                                                                 (15, 'Native', 'OneRepublic’s album featuring a mix of pop and rock.', 2013),
                                                                                 (15, 'Waking Up', 'Includes the hit "Good Life".', 2009),
                                                                                 (15, 'Oh My My', 'Explores new musical territories.', 2016),
                                                                                 (16, 'Sgt. Pepper’s Lonely Hearts Club Band', 'A landmark album in music history.', 1967),
                                                                                 (16, 'Abbey Road', 'Known for its iconic album cover and songs.', 1969),
                                                                                 (16, 'Revolver', 'Experimental album that pushed boundaries.', 1966),
                                                                                 (17, 'Meteora', 'A defining album for the nu-metal genre.', 2003),
                                                                                 (17, 'Hybrid Theory', 'Debut album that skyrocketed Linkin Park to fame.', 2000),
                                                                                 (17, 'Minutes to Midnight', 'A shift in sound with more political themes.', 2007),
                                                                                 (18, 'A Rush of Blood to the Head', 'Critically acclaimed album featuring "Clocks".', 2002),
                                                                                 (18, 'Parachutes', 'Debut album that introduced Coldplay to the world.', 2000),
                                                                                 (18, 'Viva la Vida or Death and All His Friends', 'A blend of rock and classical influences.', 2008),
                                                                                 (19, 'Californication', 'A return to form for the band with introspective lyrics.', 1999),
                                                                                 (19, 'Blood Sugar Sex Magik', 'Groundbreaking album with funk influences.', 1991),
                                                                                 (19, 'Stadium Arcadium', 'Double album showcasing their musical range.', 2006);


INSERT INTO Songs (album_id, song_title, duration) VALUES
                                                       (1, 'First Class', '00:03:22'),
                                                       (2, 'Rendezvous', '00:01:53'),
                                                       (3, 'WHATS POPPIN', '00:02:19'),
                                                       (4, 'Love Of My Life', '00:03:37'),
                                                       (5, 'We Will Rock You', '00:02:01'),
                                                       (6, 'Play The Game', '00:03:32'),
                                                       (7, 'Paranoid', '00:03:41'),
                                                       (8, 'Circles', '00:03:35'),
                                                       (9, 'Go Flex', '00:02:59'),
                                                       (10, 'Perfecto', '00:03:35'),
                                                       (11, 'Weekend', '00:03:28'),
                                                       (12, 'Congratulations', '00:04:16'),
                                                       (13, 'xanny', '00:04:03'),
                                                       (14, 'COPYCAT', '00:03:14'),
                                                       (15, 'NDA', '00:03:15'),
                                                       (16, 'Breed', '00:03:03'),
                                                       (17, 'Dumb', '00:02:32'),
                                                       (18, 'Blew', '00:02:55'),
                                                       (19, 'Mansion', '00:02:08'),
                                                       (20, 'Faith', '00:02:35'),
                                                       (21, 'Feels', '00:03:43'),
                                                       (22, 'Titanium', '00:04:05'),
                                                       (23, 'Listen', '00:03:47'),
                                                       (24, 'Flames', '00:03:12'),
                                                       (25, 'Levitating', '00:03:23'),
                                                       (26, 'Genesis', '00:03:28'),
                                                       (27, 'Cool', '00:03:29'),
                                                       (28, 'Cheyenne', '00:03:36'),
                                                       (29, 'What If', '00:03:20'),
                                                       (30, 'Be The One', '00:03:24'),
                                                       (31, 'No Idea', '00:02:33'),
                                                       (32, 'Way Bigger', '00:03:20'),
                                                       (33, 'Flocky Flocky', '00:02:49'),
                                                       (34, 'Overdue', '00:02:37'),
                                                       (35, 'Runnin', '00:03:39'),
                                                       (36, 'So Good', '00:02:50'),
                                                       (37, 'ATM', '00:03:38'),
                                                       (38, 'No Role Modelz', '00:04:52'),
                                                       (39, 'a m a r i', '00:02:29'),
                                                       (40, 'YOSEMITE', '00:02:30'),
                                                       (41, 'Wasted', '00:03:41'),
                                                       (42, 'the ends', '00:03:21'),
                                                       (43, 'Love Runs Out', '00:03:44'),
                                                       (44, 'Made For You', '00:03:45'),
                                                       (45, 'Wherever I Go', '00:02:49'),
                                                       (46, 'Fixing A Hole', '00:02:36'),
                                                       (47, 'Come Together', '00:04:20'),
                                                       (48, 'Love You To', '00:03:00'),
                                                       (49, 'Numb', '00:03:07'),
                                                       (50, 'In The End', '00:03:36'),
                                                       (51, 'No More Sorrow', '00:03:41'),
                                                       (52, 'Clocks', '00:05:07'),
                                                       (53, 'Sparks', '00:03:47'),
                                                       (54, 'Lost!', '00:03:55'),
                                                       (55, 'Californication', '00:05:29'),
                                                       (56, 'Blood Sugar Sex Magik', '00:04:31'),
                                                       (57, 'West Sand', '00:04:28');

INSERT INTO Song_Genres (song_id, genre_id) VALUES
                                                (1, 3),
                                                (1, 1),
                                                (2, 3),
                                                (3, 3),
                                                (4, 2),
                                                (5, 2),
                                                (6, 2),
                                                (7, 2),
                                                (8, 3),
                                                (9, 3),
                                                (10, 3),
                                                (11, 3),
                                                (12, 3),
                                                (13, 1),
                                                (14, 1),
                                                (15, 1),
                                                (16, 2),
                                                (17, 2),
                                                (18, 2),
                                                (19, 3),
                                                (20, 3),
                                                (21, 1),
                                                (22, 6),
                                                (23, 6),
                                                (24, 6),
                                                (25, 1),
                                                (26, 1),
                                                (27, 1),
                                                (28, 1),
                                                (29, 1),
                                                (30, 1),
                                                (31, 3),
                                                (32, 3),
                                                (33, 3),
                                                (34, 3),
                                                (35, 3),
                                                (36, 3),
                                                (37, 3),
                                                (38, 3),
                                                (39, 3),
                                                (40, 3),
                                                (41, 3),
                                                (42, 3),
                                                (43, 1),
                                                (44, 1),
                                                (45, 1),
                                                (46, 2),
                                                (47, 2),
                                                (48, 2),
                                                (49, 2),
                                                (50, 2),
                                                (51, 2),
                                                (52, 1),
                                                (53, 1),
                                                (54, 1),
                                                (55, 2),
                                                (56, 2),
                                                (57, 2);

